{
    "loss": 0.9459589719772339,
    "accuracy": 0.5271317958831787
}