{
    "loss": 0.9685333967208862,
    "accuracy": 0.5134099721908569
}